Year,dropouts_w,BRD_total_females,dropout_rate
2010,20707,427112,4.848142875873307
2011,19686,437905,4.4954955983603755
2012,18917,429327,4.406198538643039
2013,18466,442924,4.169112533978741
2014,18602,417514,4.455419458988201
2015,18348,414067,4.431166936751782
2016,18749,418244,4.482789950363903
2017,19827,403243,4.9168863439662935
2018,20024,392096,5.106912592834409
2019,19653,389047,5.0515747454677715
2020,17138,363864,4.710001539036563
2021,18062,375145,4.814671660291354
