Year,dropouts_m,BRD_total_males,dropout_rate
2010,32351,438204,7.382634572025815
2011,29874,445008,6.713137741343976
2012,28731,439463,6.537751756120539
2013,27829,452410,6.151278707367211
2014,28348,433207,6.5437539097937005
2015,29087,432245,6.7292854746729285
2016,30444,437367,6.960744637798462
2017,32853,428564,7.66583287443649
2018,33573,420072,7.992201336913672
2019,33177,411766,8.057246105797953
2020,27934,386080,7.235288023207626
2021,29428,393046,7.487164352264111
