Federal States,Pass Rate
ST,92.62796027501909
ST,94.68248736541419
NI,94.48668651883547
MV,93.54659248956885
MV,93.47883949960074
MV,93.14819030275439
MV,93.42030629608622
MV,93.00883292614171
BE,90.72040412914562
MV,92.69372693726937
MV,93.92600773053562
MV,94.42748091603053
MV,93.08176100628931
