Federal States,Pass Rate
BY,99.09174405551587
RP,98.6119717437105
RP,98.63933345321585
RP,98.73072910629419
TH,98.14944134078212
TH,97.88035798398492
BW,97.34750532400365
TH,97.8962962962963
TH,97.99166914608747
TH,97.6587187589773
ST,100.0
TH,98.27829081233371
TH,98.32786372870761
